run_id,experiment_name,operation,request_id,timestamp,user_id,batch_size,plaintext_size_bytes,ciphertext_size_bytes,encryption_time_ms,marshal_time_ms,http_roundtrip_ms,response_unmarshal_ms,proxy_delay_ms,gateway_processing_ms,gateway_parse_ms,gateway_enqueue_ms,gateway_encode_ms,phe_compute_ms,queue_wait_ms,end_to_end_latency_ms,http_status_code,attempt_count,retried,success,failure_stage,failure_code,correctness_sampled,expected_plain_result,decrypted_result,correctness_ok,error_message
run-78d5b67dd345b673,concurrency_1_users,sum,concurrency_1_users-u0-r1,2026-02-16T11:48:06.765507725+06:00,0,10,80,5222,11.3646,0.0189,0.7181,0.0263,0.0000,0.1461,0.1030,0.0020,0.0361,0.0367,0.0038,12.1399,200,1,false,true,,,false,,,false,
run-78d5b67dd345b673,concurrency_1_users,count,concurrency_1_users-u0-r2,2026-02-16T11:48:06.775395544+06:00,0,10,80,5224,8.7967,0.0060,1.0706,0.0055,0.0000,0.9481,0.0567,0.0008,0.0028,0.8885,0.0014,9.8842,200,1,false,true,,,false,,,false,
run-78d5b67dd345b673,concurrency_1_users,sum,concurrency_1_users-u0-r3,2026-02-16T11:48:06.784953818+06:00,0,10,80,5223,9.3214,0.0057,0.2110,0.0091,0.0000,0.0809,0.0592,0.0007,0.0027,0.0192,0.0015,9.5556,200,1,false,true,,,false,,,false,
run-78d5b67dd345b673,concurrency_1_users,count,concurrency_1_users-u0-r4,2026-02-16T11:48:06.802449472+06:00,0,10,80,5223,16.4393,0.0031,1.0393,0.0055,0.0000,0.9290,0.0550,0.0008,0.0015,0.8718,0.0012,17.4925,200,1,false,true,,,false,,,false,
run-78d5b67dd345b673,concurrency_1_users,sum,concurrency_1_users-u0-r5,2026-02-16T11:48:06.811295615+06:00,0,10,80,5223,8.6229,0.0032,0.2022,0.0092,0.0000,0.0844,0.0631,0.0008,0.0019,0.0184,0.0016,8.8440,200,1,false,true,,,false,,,false,
run-78d5b67dd345b673,concurrency_1_users,count,concurrency_1_users-u0-r6,2026-02-16T11:48:06.822490608+06:00,0,10,80,5221,10.1334,0.0031,1.0475,0.0048,0.0000,0.9600,0.0557,0.0002,0.0014,0.9028,0.0005,11.1918,200,1,false,true,,,false,,,false,
run-78d5b67dd345b673,concurrency_1_users,sum,concurrency_1_users-u0-r7,2026-02-16T11:48:06.831235034+06:00,0,10,80,5219,8.5914,0.0042,0.1413,0.0042,0.0000,0.0738,0.0548,0.0007,0.0013,0.0170,0.0010,8.7433,200,1,false,true,,,false,,,false,
run-78d5b67dd345b673,concurrency_1_users,count,concurrency_1_users-u0-r8,2026-02-16T11:48:06.844382632+06:00,0,10,80,5222,12.0972,0.0034,1.0379,0.0047,0.0000,0.9260,0.0565,0.0007,0.0015,0.8671,0.0013,13.1462,200,1,false,true,,,false,,,false,
run-78d5b67dd345b673,concurrency_1_users,sum,concurrency_1_users-u0-r9,2026-02-16T11:48:06.853161272+06:00,0,10,80,5219,8.6081,0.0035,0.1589,0.0043,0.0000,0.0744,0.0547,0.0007,0.0014,0.0175,0.0012,8.7773,200,1,false,true,,,false,,,false,
run-78d5b67dd345b673,concurrency_1_users,count,concurrency_1_users-u0-r10,2026-02-16T11:48:06.865637725+06:00,0,10,80,5226,9.4704,0.0086,2.9797,0.0090,0.0000,2.8701,0.0934,0.0010,0.0036,2.7720,0.0024,12.4745,200,1,false,true,,,false,,,false,
run-78d5b67dd345b673,concurrency_1_users,sum,concurrency_1_users-u0-r11,2026-02-16T11:48:06.880578694+06:00,0,10,80,5223,14.6637,0.0036,0.2607,0.0068,0.0000,0.0795,0.0574,0.0009,0.0028,0.0187,0.0021,14.9387,200,1,false,true,,,false,,,false,
run-78d5b67dd345b673,concurrency_1_users,count,concurrency_1_users-u0-r12,2026-02-16T11:48:06.89043464+06:00,0,10,80,5224,8.7483,0.0045,1.0916,0.0052,0.0000,0.9275,0.0578,0.0007,0.0025,0.8671,0.0014,9.8544,200,1,false,true,,,false,,,false,
run-78d5b67dd345b673,concurrency_1_users,sum,concurrency_1_users-u0-r13,2026-02-16T11:48:06.900876322+06:00,0,10,80,5223,10.0627,0.0045,0.3555,0.0086,0.0000,0.2150,0.1955,0.0002,0.0020,0.0175,0.0008,10.4394,200,1,false,true,,,false,,,false,
run-78d5b67dd345b673,concurrency_1_users,count,concurrency_1_users-u0-r14,2026-02-16T11:48:06.910812427+06:00,0,10,80,5226,8.8835,0.0033,1.0352,0.0048,0.0000,0.9283,0.0558,0.0002,0.0014,0.8709,0.0008,9.9340,200,1,false,true,,,false,,,false,
run-78d5b67dd345b673,concurrency_1_users,sum,concurrency_1_users-u0-r15,2026-02-16T11:48:06.921211014+06:00,0,10,80,5222,10.1078,0.0042,0.2720,0.0067,0.0000,0.0854,0.0627,0.0011,0.0027,0.0190,0.0023,10.3974,200,1,false,true,,,false,,,false,
run-78d5b67dd345b673,concurrency_1_users,count,concurrency_1_users-u0-r16,2026-02-16T11:48:06.932886157+06:00,0,10,80,5225,8.5760,0.0041,3.0797,0.0067,0.0000,2.8677,0.0962,0.0015,0.0035,2.7668,0.0028,11.6727,200,1,false,true,,,false,,,false,
run-78d5b67dd345b673,concurrency_1_users,sum,concurrency_1_users-u0-r17,2026-02-16T11:48:06.943271852+06:00,0,10,80,5222,10.1754,0.0046,0.1886,0.0067,0.0000,0.0790,0.0614,0.0008,0.0025,0.0150,0.0014,10.3831,200,1,false,true,,,false,,,false,
run-78d5b67dd345b673,concurrency_1_users,count,concurrency_1_users-u0-r18,2026-02-16T11:48:06.952941881+06:00,0,10,80,5225,8.5650,0.0039,1.0887,0.0051,0.0000,0.9280,0.0563,0.0009,0.0028,0.8681,0.0020,9.6679,200,1,false,true,,,false,,,false,
run-78d5b67dd345b673,concurrency_1_users,sum,concurrency_1_users-u0-r19,2026-02-16T11:48:06.963274347+06:00,0,10,80,5224,10.1352,0.0037,0.1774,0.0087,0.0000,0.0763,0.0585,0.0007,0.0019,0.0152,0.0014,10.3301,200,1,false,true,,,false,,,false,
run-78d5b67dd345b673,concurrency_1_users,count,concurrency_1_users-u0-r20,2026-02-16T11:48:06.981483922+06:00,0,10,80,5224,16.9950,0.0036,1.1958,0.0066,0.0000,0.9402,0.0585,0.0004,0.0027,0.8787,0.0015,18.2065,200,1,false,true,,,false,,,false,
run-78d5b67dd345b673,concurrency_1_users,sum,concurrency_1_users-u0-r21,2026-02-16T11:48:06.990276742+06:00,0,10,80,5224,8.5718,0.0037,0.2024,0.0066,0.0000,0.0848,0.0658,0.0010,0.0017,0.0156,0.0018,8.7908,200,1,false,true,,,false,,,false,
run-78d5b67dd345b673,concurrency_1_users,count,concurrency_1_users-u0-r22,2026-02-16T11:48:07.008186549+06:00,0,10,80,5225,14.6516,0.0093,3.2319,0.0086,0.0000,2.9098,0.0830,0.0012,0.0040,2.8226,0.0021,17.9072,200,1,false,true,,,false,,,false,
run-78d5b67dd345b673,concurrency_1_users,sum,concurrency_1_users-u0-r23,2026-02-16T11:48:07.017928755+06:00,0,10,80,5223,9.3893,0.0043,0.3335,0.0065,0.0000,0.0752,0.0556,0.0016,0.0026,0.0154,0.0028,9.7398,200,1,false,true,,,false,,,false,
run-78d5b67dd345b673,concurrency_1_users,count,concurrency_1_users-u0-r24,2026-02-16T11:48:07.027621822+06:00,0,10,80,5223,8.5792,0.0038,1.0938,0.0067,0.0000,0.9552,0.0561,0.0007,0.0016,0.8968,0.0014,9.6901,200,1,false,true,,,false,,,false,
run-78d5b67dd345b673,concurrency_1_users,sum,concurrency_1_users-u0-r25,2026-02-16T11:48:07.036404358+06:00,0,10,80,5223,8.6101,0.0038,0.1578,0.0051,0.0000,0.0703,0.0540,0.0002,0.0013,0.0148,0.0006,8.7800,200,1,false,true,,,false,,,false,
run-78d5b67dd345b673,concurrency_1_users,count,concurrency_1_users-u0-r26,2026-02-16T11:48:07.046003319+06:00,0,10,80,5225,8.6144,0.0035,0.9724,0.0043,0.0000,0.9158,0.0537,0.0005,0.0013,0.8603,0.0011,9.5973,200,1,false,true,,,false,,,false,
run-78d5b67dd345b673,concurrency_1_users,sum,concurrency_1_users-u0-r27,2026-02-16T11:48:07.05488247+06:00,0,10,80,5221,8.5905,0.0031,0.2714,0.0067,0.0000,0.0765,0.0569,0.0010,0.0027,0.0159,0.0023,8.8780,200,1,false,true,,,false,,,false,
run-78d5b67dd345b673,concurrency_1_users,count,concurrency_1_users-u0-r28,2026-02-16T11:48:07.069618252+06:00,0,10,80,5224,13.6819,0.0035,1.0390,0.0054,0.0000,0.9518,0.0609,0.0007,0.0018,0.8884,0.0015,14.7333,200,1,false,true,,,false,,,false,
run-78d5b67dd345b673,concurrency_1_users,sum,concurrency_1_users-u0-r29,2026-02-16T11:48:07.091659443+06:00,0,10,80,5221,21.2818,0.0084,0.7222,0.0142,0.0000,0.3805,0.1282,0.0017,0.0061,0.2472,0.0026,22.0385,200,1,false,true,,,false,,,false,
run-78d5b67dd345b673,concurrency_1_users,count,concurrency_1_users-u0-r30,2026-02-16T11:48:07.111362345+06:00,0,10,80,5225,18.4083,0.0047,1.2695,0.0095,0.0000,1.0171,0.0692,0.0012,0.0028,0.9437,0.0026,19.6980,200,1,false,true,,,false,,,false,
run-78d5b67dd345b673,concurrency_1_users,sum,concurrency_1_users-u0-r31,2026-02-16T11:48:07.125705443+06:00,0,10,80,5222,14.1674,0.0050,0.1592,0.0056,0.0000,0.0749,0.0578,0.0003,0.0017,0.0155,0.0009,14.3407,200,1,false,true,,,false,,,false,
run-78d5b67dd345b673,concurrency_1_users,count,concurrency_1_users-u0-r32,2026-02-16T11:48:07.139838586+06:00,0,10,80,5223,12.0329,0.0045,2.0782,0.0084,0.0000,1.9665,0.0758,0.0003,0.0038,1.8852,0.0012,14.1313,200,1,false,true,,,false,,,false,
run-78d5b67dd345b673,concurrency_1_users,sum,concurrency_1_users-u0-r33,2026-02-16T11:48:07.151734937+06:00,0,10,80,5220,11.5902,0.0035,0.2905,0.0066,0.0000,0.0723,0.0545,0.0002,0.0030,0.0159,0.0013,11.8934,200,1,false,true,,,false,,,false,
run-78d5b67dd345b673,concurrency_1_users,count,concurrency_1_users-u0-r34,2026-02-16T11:48:07.162541748+06:00,0,10,80,5223,9.3921,0.0051,1.3918,0.0113,0.0000,0.9329,0.0588,0.0003,0.0037,0.8708,0.0014,10.8049,200,1,false,true,,,false,,,false,
run-78d5b67dd345b673,concurrency_1_users,sum,concurrency_1_users-u0-r35,2026-02-16T11:48:07.173487048+06:00,0,10,80,5223,10.6270,0.0037,0.3017,0.0073,0.0000,0.0767,0.0578,0.0002,0.0026,0.0175,0.0009,10.9423,200,1,false,true,,,false,,,false,
run-78d5b67dd345b673,concurrency_1_users,count,concurrency_1_users-u0-r36,2026-02-16T11:48:07.190817471+06:00,0,10,80,5226,16.1220,0.0099,1.1867,0.0066,0.0000,0.9393,0.0531,0.0002,0.0026,0.8842,0.0007,17.3279,200,1,false,true,,,false,,,false,
run-78d5b67dd345b673,concurrency_1_users,sum,concurrency_1_users-u0-r37,2026-02-16T11:48:07.206207932+06:00,0,10,80,5224,14.9141,0.0063,0.4479,0.0110,0.0000,0.1091,0.0831,0.0003,0.0039,0.0230,0.0011,15.3880,200,1,false,true,,,false,,,false,
run-78d5b67dd345b673,concurrency_1_users,count,concurrency_1_users-u0-r38,2026-02-16T11:48:07.217736588+06:00,0,10,80,5221,10.2322,0.0042,1.2752,0.0091,0.0000,0.9492,0.0553,0.0009,0.0027,0.8905,0.0022,11.5254,200,1,false,true,,,false,,,false,
run-78d5b67dd345b673,concurrency_1_users,sum,concurrency_1_users-u0-r39,2026-02-16T11:48:07.229631367+06:00,0,10,80,5223,11.3606,0.0072,0.4932,0.0141,0.0000,0.1423,0.1105,0.0004,0.0031,0.0293,0.0016,11.8909,200,1,false,true,,,false,,,false,
run-78d5b67dd345b673,concurrency_1_users,count,concurrency_1_users-u0-r40,2026-02-16T11:48:07.256698364+06:00,0,10,80,5226,25.5248,0.0061,1.5180,0.0079,0.0000,1.3628,0.0855,0.0005,0.0037,1.2726,0.0023,27.0631,200,1,false,true,,,false,,,false,
run-78d5b67dd345b673,concurrency_1_users,sum,concurrency_1_users-u0-r41,2026-02-16T11:48:07.280030616+06:00,0,10,80,5221,23.0133,0.0085,0.2897,0.0102,0.0000,0.1368,0.1078,0.0004,0.0044,0.0265,0.0014,23.3296,200,1,false,true,,,false,,,false,
run-78d5b67dd345b673,concurrency_1_users,count,concurrency_1_users-u0-r42,2026-02-16T11:48:07.305291965+06:00,0,10,80,5224,24.2360,0.0046,1.0092,0.0051,0.0000,0.9330,0.0590,0.0001,0.0023,0.8719,0.0007,25.2583,200,1,false,true,,,false,,,false,
run-78d5b67dd345b673,concurrency_1_users,sum,concurrency_1_users-u0-r43,2026-02-16T11:48:07.314296497+06:00,0,10,80,5222,8.8657,0.0031,0.1272,0.0043,0.0000,0.0753,0.0525,0.0002,0.0015,0.0208,0.0008,9.0030,200,1,false,true,,,false,,,false,
run-78d5b67dd345b673,concurrency_1_users,count,concurrency_1_users-u0-r44,2026-02-16T11:48:07.324840131+06:00,0,10,80,5221,9.3779,0.0041,1.1426,0.0089,0.0000,0.9289,0.0587,0.0002,0.0025,0.8675,0.0013,10.5426,200,1,false,true,,,false,,,false,
run-78d5b67dd345b673,concurrency_1_users,sum,concurrency_1_users-u0-r45,2026-02-16T11:48:07.346696387+06:00,0,10,80,5221,21.4922,0.0042,0.3450,0.0066,0.0000,0.0773,0.0563,0.0003,0.0030,0.0181,0.0014,21.8530,200,1,false,true,,,false,,,false,
run-78d5b67dd345b673,concurrency_1_users,count,concurrency_1_users-u0-r46,2026-02-16T11:48:07.356371413+06:00,0,10,80,5225,8.6412,0.0039,1.0184,0.0047,0.0000,0.9211,0.0574,0.0002,0.0024,0.8619,0.0009,9.6731,200,1,false,true,,,false,,,false,
run-78d5b67dd345b673,concurrency_1_users,sum,concurrency_1_users-u0-r47,2026-02-16T11:48:07.36580526+06:00,0,10,80,5223,9.2932,0.0034,0.1297,0.0041,0.0000,0.0718,0.0556,0.0005,0.0015,0.0150,0.0008,9.4324,200,1,false,true,,,false,,,false,
run-78d5b67dd345b673,concurrency_1_users,count,concurrency_1_users-u0-r48,2026-02-16T11:48:07.375418033+06:00,0,10,80,5225,8.6271,0.0030,0.9720,0.0067,0.0000,0.9206,0.0512,0.0005,0.0013,0.8678,0.0008,9.6113,200,1,false,true,,,false,,,false,
run-78d5b67dd345b673,concurrency_1_users,sum,concurrency_1_users-u0-r49,2026-02-16T11:48:07.384249716+06:00,0,10,80,5223,8.6015,0.0054,0.2081,0.0079,0.0000,0.0783,0.0609,0.0008,0.0030,0.0150,0.0013,8.8301,200,1,false,true,,,false,,,false,
run-78d5b67dd345b673,concurrency_1_users,count,concurrency_1_users-u0-r50,2026-02-16T11:48:07.394027888+06:00,0,10,80,5224,8.6508,0.0048,1.1029,0.0049,0.0000,0.9362,0.0576,0.0008,0.0025,0.8762,0.0013,9.7664,200,1,false,true,,,false,,,false,
run-78d5b67dd345b673,concurrency_1_users,sum,concurrency_1_users-u0-r51,2026-02-16T11:48:07.402875385+06:00,0,10,80,5223,8.6453,0.0046,0.1864,0.0055,0.0000,0.0774,0.0600,0.0007,0.0025,0.0150,0.0018,8.8457,200,1,false,true,,,false,,,false,
run-78d5b67dd345b673,concurrency_1_users,count,concurrency_1_users-u0-r52,2026-02-16T11:48:07.413201466+06:00,0,10,80,5226,9.3000,0.0035,1.0084,0.0067,0.0000,0.9200,0.0582,0.0008,0.0016,0.8595,0.0012,10.3237,200,1,false,true,,,false,,,false,
run-78d5b67dd345b673,concurrency_1_users,sum,concurrency_1_users-u0-r53,2026-02-16T11:48:07.422077466+06:00,0,10,80,5223,8.7181,0.0044,0.1442,0.0045,0.0000,0.0754,0.0581,0.0007,0.0024,0.0147,0.0015,8.8739,200,1,false,true,,,false,,,false,
run-78d5b67dd345b673,concurrency_1_users,count,concurrency_1_users-u0-r54,2026-02-16T11:48:07.431619359+06:00,0,10,80,5225,8.5608,0.0030,0.9702,0.0040,0.0000,0.9152,0.0535,0.0007,0.0013,0.8598,0.0010,9.5402,200,1,false,true,,,false,,,false,
run-78d5b67dd345b673,concurrency_1_users,sum,concurrency_1_users-u0-r55,2026-02-16T11:48:07.440312231+06:00,0,10,80,5223,8.5568,0.0030,0.1259,0.0038,0.0000,0.0722,0.0561,0.0006,0.0012,0.0142,0.0010,8.6921,200,1,false,true,,,false,,,false,
run-78d5b67dd345b673,concurrency_1_users,count,concurrency_1_users-u0-r56,2026-02-16T11:48:07.449824065+06:00,0,10,80,5224,8.5286,0.0032,0.9723,0.0038,0.0000,0.9199,0.0552,0.0006,0.0013,0.8627,0.0012,9.5105,200,1,false,true,,,false,,,false,
run-78d5b67dd345b673,concurrency_1_users,sum,concurrency_1_users-u0-r57,2026-02-16T11:48:07.459138684+06:00,0,10,80,5224,9.1147,0.0047,0.1831,0.0054,0.0000,0.0813,0.0593,0.0009,0.0032,0.0178,0.0019,9.3133,200,1,false,true,,,false,,,false,
run-78d5b67dd345b673,concurrency_1_users,count,concurrency_1_users-u0-r58,2026-02-16T11:48:07.469062598+06:00,0,10,80,5224,8.8177,0.0081,1.0866,0.0052,0.0000,0.9452,0.0546,0.0007,0.0026,0.8882,0.0013,9.9214,200,1,false,true,,,false,,,false,
run-78d5b67dd345b673,concurrency_1_users,sum,concurrency_1_users-u0-r59,2026-02-16T11:48:07.477956278+06:00,0,10,80,5224,8.6952,0.0033,0.1796,0.0094,0.0000,0.0707,0.0544,0.0002,0.0016,0.0145,0.0008,8.8919,200,1,false,true,,,false,,,false,
run-78d5b67dd345b673,concurrency_1_users,count,concurrency_1_users-u0-r60,2026-02-16T11:48:07.48952197+06:00,0,10,80,5224,10.3742,0.0042,1.1744,0.0066,0.0000,0.9384,0.0607,0.0002,0.0029,0.8757,0.0009,11.5619,200,1,false,true,,,false,,,false,
run-78d5b67dd345b673,concurrency_1_users,sum,concurrency_1_users-u0-r61,2026-02-16T11:48:07.498398046+06:00,0,10,80,5223,8.5538,0.0041,0.3024,0.0057,0.0000,0.0771,0.0589,0.0009,0.0026,0.0151,0.0021,8.8743,200,1,false,true,,,false,,,false,
run-78d5b67dd345b673,concurrency_1_users,count,concurrency_1_users-u0-r62,2026-02-16T11:48:07.508107938+06:00,0,10,80,5226,8.6155,0.0034,1.0794,0.0058,0.0000,0.9258,0.0534,0.0007,0.0027,0.8703,0.0012,9.7083,200,1,false,true,,,false,,,false,
run-78d5b67dd345b673,concurrency_1_users,sum,concurrency_1_users-u0-r63,2026-02-16T11:48:07.517197701+06:00,0,10,80,5223,8.7230,0.0035,0.3513,0.0066,0.0000,0.1400,0.1010,0.0012,0.0036,0.0348,0.0024,9.0869,200,1,false,true,,,false,,,false,
run-78d5b67dd345b673,concurrency_1_users,count,concurrency_1_users-u0-r64,2026-02-16T11:48:07.526952069+06:00,0,10,80,5225,8.5690,0.0038,1.1667,0.0086,0.0000,0.9435,0.0655,0.0009,0.0028,0.8747,0.0019,9.7525,200,1,false,true,,,false,,,false,
run-78d5b67dd345b673,concurrency_1_users,sum,concurrency_1_users-u0-r65,2026-02-16T11:48:07.544148319+06:00,0,10,80,5224,16.9389,0.0092,0.2351,0.0052,0.0000,0.0808,0.0631,0.0008,0.0014,0.0149,0.0015,17.1928,200,1,false,true,,,false,,,false,
run-78d5b67dd345b673,concurrency_1_users,count,concurrency_1_users-u0-r66,2026-02-16T11:48:07.553800161+06:00,0,10,80,5225,8.6138,0.0032,1.0143,0.0090,0.0000,0.9326,0.0592,0.0008,0.0018,0.8707,0.0015,9.6495,200,1,false,true,,,false,,,false,
run-78d5b67dd345b673,concurrency_1_users,sum,concurrency_1_users-u0-r67,2026-02-16T11:48:07.579734799+06:00,0,10,80,5220,25.7471,0.0045,0.1704,0.0053,0.0000,0.0768,0.0604,0.0002,0.0058,0.0148,0.0010,25.9317,200,1,false,true,,,false,,,false,
run-78d5b67dd345b673,concurrency_1_users,count,concurrency_1_users-u0-r68,2026-02-16T11:48:07.594457676+06:00,0,10,80,5225,12.3607,0.0092,2.3083,0.0148,0.0000,1.9170,0.1217,0.0024,0.0059,1.7874,0.0046,14.7206,200,1,false,true,,,false,,,false,
run-78d5b67dd345b673,concurrency_1_users,sum,concurrency_1_users-u0-r69,2026-02-16T11:48:07.612611781+06:00,0,10,80,5223,17.8133,0.0045,0.3219,0.0068,0.0000,0.0776,0.0586,0.0011,0.0026,0.0155,0.0021,18.1492,200,1,false,true,,,false,,,false,
run-78d5b67dd345b673,concurrency_1_users,count,concurrency_1_users-u0-r70,2026-02-16T11:48:07.624466289+06:00,0,10,80,5223,10.0427,0.0042,1.7962,0.0069,0.0000,1.6396,0.0530,0.0008,0.0029,1.5839,0.0013,11.8527,200,1,false,true,,,false,,,false,
run-78d5b67dd345b673,concurrency_1_users,sum,concurrency_1_users-u0-r71,2026-02-16T11:48:07.636255475+06:00,0,10,80,5223,11.5340,0.0037,0.2377,0.0100,0.0000,0.0739,0.0560,0.0004,0.0027,0.0151,0.0014,11.7874,200,1,false,true,,,false,,,false,
run-78d5b67dd345b673,concurrency_1_users,count,concurrency_1_users-u0-r72,2026-02-16T11:48:07.649021315+06:00,0,10,80,5226,11.0419,0.0058,1.7010,0.0100,0.0000,1.4213,0.0845,0.0013,0.0039,1.3328,0.0021,12.7633,200,1,false,true,,,false,,,false,
run-78d5b67dd345b673,concurrency_1_users,sum,concurrency_1_users-u0-r73,2026-02-16T11:48:07.661437353+06:00,0,10,80,5222,12.1087,0.0036,0.2913,0.0065,0.0000,0.0874,0.0686,0.0012,0.0025,0.0149,0.0022,12.4131,200,1,false,true,,,false,,,false,
run-78d5b67dd345b673,concurrency_1_users,count,concurrency_1_users-u0-r74,2026-02-16T11:48:07.678111566+06:00,0,10,80,5226,15.2704,0.0043,1.3823,0.0125,0.0000,1.1310,0.0728,0.0011,0.0032,1.0549,0.0020,16.6724,200,1,false,true,,,false,,,false,
run-78d5b67dd345b673,concurrency_1_users,sum,concurrency_1_users-u0-r75,2026-02-16T11:48:07.692524947+06:00,0,10,80,5223,14.0616,0.0049,0.3332,0.0075,0.0000,0.0953,0.0759,0.0015,0.0020,0.0167,0.0021,14.4103,200,1,false,true,,,false,,,false,
run-78d5b67dd345b673,concurrency_1_users,count,concurrency_1_users-u0-r76,2026-02-16T11:48:07.706776829+06:00,0,10,80,5222,12.7720,0.0045,1.4588,0.0090,0.0000,1.3563,0.0772,0.0003,0.0034,1.2766,0.0010,14.2497,200,1,false,true,,,false,,,false,
run-78d5b67dd345b673,concurrency_1_users,sum,concurrency_1_users-u0-r77,2026-02-16T11:48:07.718119819+06:00,0,10,80,5222,10.9668,0.0033,0.3575,0.0066,0.0000,0.0722,0.0544,0.0002,0.0027,0.0159,0.0007,11.3397,200,1,false,true,,,false,,,false,
run-78d5b67dd345b673,concurrency_1_users,count,concurrency_1_users-u0-r78,2026-02-16T11:48:07.728719629+06:00,0,10,80,5225,9.4447,0.0044,1.1404,0.0055,0.0000,0.9236,0.0539,0.0007,0.0027,0.8674,0.0013,10.5977,200,1,false,true,,,false,,,false,
run-78d5b67dd345b673,concurrency_1_users,sum,concurrency_1_users-u0-r79,2026-02-16T11:48:07.737633387+06:00,0,10,80,5222,8.6246,0.0048,0.2727,0.0058,0.0000,0.0886,0.0691,0.0004,0.0036,0.0164,0.0015,8.9121,200,1,false,true,,,false,,,false,
run-78d5b67dd345b673,concurrency_1_users,count,concurrency_1_users-u0-r80,2026-02-16T11:48:07.747439459+06:00,0,10,80,5226,8.7625,0.0046,1.0289,0.0046,0.0000,0.9202,0.0575,0.0008,0.0027,0.8604,0.0013,9.8035,200,1,false,true,,,false,,,false,
run-78d5b67dd345b673,concurrency_1_users,sum,concurrency_1_users-u0-r81,2026-02-16T11:48:07.756601226+06:00,0,10,80,5222,8.9922,0.0037,0.1498,0.0077,0.0000,0.0763,0.0580,0.0008,0.0016,0.0158,0.0014,9.1599,200,1,false,true,,,false,,,false,
run-78d5b67dd345b673,concurrency_1_users,count,concurrency_1_users-u0-r82,2026-02-16T11:48:07.770237038+06:00,0,10,80,5225,12.0193,0.0072,1.5939,0.0079,0.0000,1.3805,0.0924,0.0012,0.0037,1.2843,0.0021,13.6329,200,1,false,true,,,false,,,false,
run-78d5b67dd345b673,concurrency_1_users,sum,concurrency_1_users-u0-r83,2026-02-16T11:48:07.786599747+06:00,0,10,80,5222,15.8369,0.0074,0.4897,0.0120,0.0000,0.1424,0.1043,0.0015,0.0056,0.0291,0.0074,16.3596,200,1,false,true,,,false,,,false,
run-78d5b67dd345b673,concurrency_1_users,count,concurrency_1_users-u0-r84,2026-02-16T11:48:07.804614338+06:00,0,10,80,5226,16.0853,0.0042,1.9124,0.0058,0.0000,1.6697,0.0660,0.0010,0.0027,1.5996,0.0025,18.0111,200,1,false,true,,,false,,,false,
run-78d5b67dd345b673,concurrency_1_users,sum,concurrency_1_users-u0-r85,2026-02-16T11:48:07.814517015+06:00,0,10,80,5224,9.6643,0.0035,0.2194,0.0068,0.0000,0.0715,0.0555,0.0002,0.0014,0.0146,0.0006,9.9007,200,1,false,true,,,false,,,false,
run-78d5b67dd345b673,concurrency_1_users,count,concurrency_1_users-u0-r86,2026-02-16T11:48:07.824158917+06:00,0,10,80,5225,8.6208,0.0042,1.0023,0.0051,0.0000,0.9209,0.0567,0.0008,0.0021,0.8616,0.0015,9.6394,200,1,false,true,,,false,,,false,
run-78d5b67dd345b673,concurrency_1_users,sum,concurrency_1_users-u0-r87,2026-02-16T11:48:07.833190636+06:00,0,10,80,5221,8.8586,0.0032,0.1614,0.0042,0.0000,0.0710,0.0556,0.0002,0.0022,0.0144,0.0005,9.0300,200,1,false,true,,,false,,,false,
run-78d5b67dd345b673,concurrency_1_users,count,concurrency_1_users-u0-r88,2026-02-16T11:48:07.842901061+06:00,0,10,80,5226,8.6003,0.0029,1.0969,0.0052,0.0000,0.9363,0.0560,0.0003,0.0026,0.8776,0.0013,9.7093,200,1,false,true,,,false,,,false,
run-78d5b67dd345b673,concurrency_1_users,sum,concurrency_1_users-u0-r89,2026-02-16T11:48:07.851595373+06:00,0,10,80,5221,8.5548,0.0034,0.1280,0.0042,0.0000,0.0721,0.0549,0.0007,0.0014,0.0158,0.0010,8.6926,200,1,false,true,,,false,,,false,
run-78d5b67dd345b673,concurrency_1_users,count,concurrency_1_users-u0-r90,2026-02-16T11:48:07.861141036+06:00,0,10,80,5225,8.5679,0.0031,0.9681,0.0038,0.0000,0.9155,0.0523,0.0001,0.0012,0.8618,0.0005,9.5447,200,1,false,true,,,false,,,false,
run-78d5b67dd345b673,concurrency_1_users,sum,concurrency_1_users-u0-r91,2026-02-16T11:48:07.869865077+06:00,0,10,80,5223,8.5726,0.0030,0.1422,0.0039,0.0000,0.0699,0.0533,0.0002,0.0015,0.0146,0.0005,8.7233,200,1,false,true,,,false,,,false,
run-78d5b67dd345b673,concurrency_1_users,count,concurrency_1_users-u0-r92,2026-02-16T11:48:07.879488579+06:00,0,10,80,5225,8.5461,0.0029,1.0558,0.0092,0.0000,0.9163,0.0529,0.0007,0.0014,0.8614,0.0010,9.6223,200,1,false,true,,,false,,,false,
run-78d5b67dd345b673,concurrency_1_users,sum,concurrency_1_users-u0-r93,2026-02-16T11:48:07.888713694+06:00,0,10,80,5223,9.0746,0.0033,0.1314,0.0069,0.0000,0.0715,0.0551,0.0007,0.0012,0.0141,0.0013,9.2220,200,1,false,true,,,false,,,false,
run-78d5b67dd345b673,concurrency_1_users,count,concurrency_1_users-u0-r94,2026-02-16T11:48:07.898341475+06:00,0,10,80,5226,8.6237,0.0039,0.9838,0.0076,0.0000,0.9123,0.0556,0.0007,0.0022,0.8546,0.0011,9.6252,200,1,false,true,,,false,,,false,
run-78d5b67dd345b673,concurrency_1_users,sum,concurrency_1_users-u0-r95,2026-02-16T11:48:07.907136723+06:00,0,10,80,5223,8.6224,0.0035,0.1591,0.0045,0.0000,0.0786,0.0587,0.0007,0.0017,0.0179,0.0011,8.7929,200,1,false,true,,,false,,,false,
run-78d5b67dd345b673,concurrency_1_users,count,concurrency_1_users-u0-r96,2026-02-16T11:48:07.916743516+06:00,0,10,80,5226,8.6169,0.0032,0.9785,0.0044,0.0000,0.9191,0.0557,0.0002,0.0019,0.8616,0.0009,9.6052,200,1,false,true,,,false,,,false,
run-78d5b67dd345b673,concurrency_1_users,sum,concurrency_1_users-u0-r97,2026-02-16T11:48:07.925477294+06:00,0,10,80,5222,8.6017,0.0033,0.1221,0.0040,0.0000,0.0694,0.0531,0.0002,0.0013,0.0149,0.0006,8.7329,200,1,false,true,,,false,,,false,
run-78d5b67dd345b673,concurrency_1_users,count,concurrency_1_users-u0-r98,2026-02-16T11:48:07.935011325+06:00,0,10,80,5225,8.5637,0.0031,0.9608,0.0039,0.0000,0.9130,0.0528,0.0002,0.0013,0.8589,0.0005,9.5334,200,1,false,true,,,false,,,false,
run-78d5b67dd345b673,concurrency_1_users,sum,concurrency_1_users-u0-r99,2026-02-16T11:48:07.943693553+06:00,0,10,80,5223,8.5577,0.0029,0.1151,0.0038,0.0000,0.0693,0.0537,0.0005,0.0010,0.0144,0.0008,8.6816,200,1,false,true,,,false,,,false,
run-78d5b67dd345b673,concurrency_1_users,count,concurrency_1_users-u0-r100,2026-02-16T11:48:07.953206012+06:00,0,10,80,5226,8.5589,0.0032,0.9432,0.0042,0.0000,0.8956,0.0528,0.0001,0.0014,0.8415,0.0005,9.5112,200,1,false,true,,,false,,,false,
